ID;CARNET;CARGO
1;2622011;9
2;3459074;5
3;3483848;3
4;4312014;5
5;4758753;5
6;4830306;3
7;4837464;9
8;4844828;8
9;4847126;6
10;4852497;7
11;4856270;5
12;4928737;5
13;4949063;8
14;4965844;6
15;5960219;7
16;5975560;5
17;5981213;7
18;5994785;5
19;5998313;9
20;6009256;7
21;6087357;5
22;6095371;9
23;6131932;8
24;6139832;5
25;6140134;7
26;6143079;8
27;6144341;5
28;6150980;4
29;6153276;7
30;6169847;9
31;6720620;8
32;6723965;7
33;6736701;4
34;6745690;2
35;6751047;2
36;6761652;2
37;6764063;2
38;6765381;5
39;6765608;8
40;6776752;2
41;6778337;4
42;6780733;9
43;6798702;5
44;6815832;5
45;6824136;8
46;6824998;5
47;6826200;6
48;6833022;1
49;6837306;8
50;6852438;5
51;6853401;5
52;6855569;2
53;6858270;8
54;6858879;5
55;6869689;6
56;6888435;5
57;6905510;5
58;6948542;1
59;7007126;2
60;7023542;1
