ID;CARNET;MONTO
39;6765608;30
22;6095371;14
39;6765608;64
49;6837306;10
42;6780733;42
7;4837464;67
55;6869689;29
6;4830306;13
50;6852438;25
16;5975560;37
27;6144341;16
41;6778337;44
45;6824136;43
8;4844828;47
44;6815832;38
37;6764063;18
30;6169847;28
20;6009256;25
9;4847126;75
21;6087357;75
56;6888435;30
60;7023542;12
37;6764063;75
11;4856270;14
47;6826200;21
26;6143079;48
27;6144341;62
51;6853401;61
17;5981213;16
45;6824136;14
18;5994785;64
22;6095371;16
5;4758753;17
7;4837464;24
53;6858270;74
53;6858270;8
49;6837306;75
29;6153276;27
2;3459074;52
24;6139832;41
48;6833022;24
45;6824136;31
20;6009256;16
43;6798702;68
55;6869689;71
40;6776752;14
36;6761652;71
60;7023542;74
60;7023542;72
1;2622011;68
49;6837306;15
30;6169847;34
4;4312014;43
54;6858879;30
13;4949063;75
27;6144341;54
17;5981213;54
18;5994785;56
42;6780733;18
47;6826200;70
33;6736701;28
49;6837306;22
60;7023542;71
27;6144341;70
36;6761652;42
36;6761652;45
50;6852438;46
30;6169847;29
45;6824136;10
29;6153276;71
20;6009256;57
31;6720620;9
6;4830306;57
37;6764063;55
16;5975560;44
1;2622011;51
11;4856270;10
44;6815832;41
45;6824136;13
39;6765608;63
58;6948542;60
2;3459074;54
58;6948542;38
57;6905510;7
5;4758753;24
17;5981213;34
21;6087357;62
32;6723965;50
26;6143079;21
51;6853401;11
3;3483848;58
25;6140134;43
52;6855569;52
44;6815832;55
24;6139832;33
15;5960219;64
30;6169847;20
23;6131932;25
56;6888435;26
48;6833022;63
2;3459074;67
22;6095371;45
50;6852438;40
35;6751047;16
28;6150980;56
8;4844828;66
14;4965844;8
24;6139832;43
22;6095371;62
55;6869689;39
57;6905510;39
14;4965844;59
39;6765608;57
50;6852438;10
19;5998313;50
25;6140134;54
38;6765381;75
23;6131932;55
11;4856270;62
1;2622011;9
35;6751047;18
14;4965844;44
1;2622011;67
46;6824998;18
53;6858270;50
34;6745690;17
49;6837306;63
60;7023542;72
6;4830306;57
47;6826200;68
59;7007126;9
32;6723965;35
25;6140134;61
13;4949063;51
60;7023542;11
29;6153276;37
17;5981213;62
53;6858270;26
41;6778337;10
33;6736701;25
4;4312014;45
39;6765608;36
53;6858270;19
41;6778337;29
2;3459074;31
55;6869689;46
46;6824998;51
37;6764063;45
58;6948542;8
8;4844828;70
4;4312014;33
43;6798702;36
17;5981213;72
55;6869689;5
41;6778337;34
52;6855569;22
29;6153276;22
42;6780733;14
11;4856270;9
11;4856270;72
18;5994785;68
2;3459074;39
44;6815832;73
42;6780733;72
47;6826200;22
8;4844828;28
15;5960219;28
32;6723965;12
30;6169847;31
24;6139832;27
51;6853401;46
48;6833022;64
29;6153276;14
31;6720620;51
46;6824998;74
31;6720620;53
29;6153276;52
1;2622011;18
52;6855569;58
29;6153276;71
58;6948542;61
46;6824998;74
7;4837464;62
48;6833022;9
13;4949063;28
30;6169847;70
50;6852438;18
14;4965844;37
12;4928737;35
49;6837306;25
20;6009256;27
34;6745690;7
24;6139832;10
4;4312014;52
7;4837464;19
45;6824136;15
48;6833022;60
4;4312014;10
19;5998313;36
8;4844828;53
49;6837306;14
11;4856270;42
21;6087357;7
40;6776752;34
3;3483848;56
34;6745690;21
34;6745690;15
45;6824136;15
60;7023542;51
3;3483848;71
42;6780733;19
35;6751047;11
42;6780733;15
23;6131932;24
25;6140134;40
15;5960219;21
9;4847126;61
31;6720620;50
59;7007126;57
60;7023542;19
49;6837306;69
7;4837464;32
26;6143079;60
60;7023542;32
17;5981213;20
7;4837464;12
18;5994785;18
52;6855569;12
39;6765608;55
19;5998313;50
13;4949063;21
5;4758753;31
29;6153276;52
31;6720620;34
50;6852438;22
7;4837464;45
21;6087357;49
22;6095371;22
23;6131932;56
52;6855569;26
52;6855569;12
49;6837306;42
12;4928737;69
52;6855569;72
31;6720620;45
31;6720620;55
7;4837464;15
33;6736701;11
27;6144341;20
35;6751047;64
49;6837306;20
20;6009256;22
4;4312014;6
14;4965844;75
19;5998313;7
60;7023542;45
35;6751047;52
3;3483848;12
56;6888435;67
22;6095371;67
46;6824998;57
4;4312014;20
60;7023542;33
58;6948542;34
56;6888435;10
6;4830306;47
52;6855569;73
4;4312014;60
2;3459074;27
50;6852438;46
32;6723965;24
40;6776752;53
8;4844828;35
39;6765608;73
42;6780733;33
51;6853401;28
29;6153276;21
56;6888435;30
10;4852497;25
31;6720620;23
56;6888435;53
44;6815832;26
54;6858879;12
31;6720620;44
10;4852497;47
24;6139832;35
10;4852497;13
52;6855569;12
20;6009256;73
36;6761652;53
36;6761652;40
26;6143079;12
45;6824136;21
23;6131932;61
35;6751047;68
51;6853401;73
28;6150980;27
3;3483848;36
36;6761652;54
13;4949063;36
58;6948542;52
26;6143079;34
21;6087357;25
59;7007126;13
3;3483848;45
47;6826200;17
58;6948542;40
5;4758753;45
53;6858270;43
37;6764063;15
45;6824136;20
33;6736701;7
56;6888435;21
34;6745690;43
32;6723965;26
60;7023542;31
10;4852497;9
58;6948542;44
25;6140134;67
48;6833022;35
39;6765608;61
52;6855569;33
39;6765608;56
44;6815832;40
49;6837306;62
51;6853401;63
58;6948542;58
56;6888435;20
52;6855569;45
13;4949063;32
48;6833022;52
35;6751047;64
58;6948542;66
31;6720620;24
15;5960219;70
18;5994785;9
18;5994785;74
43;6798702;31
24;6139832;72
42;6780733;52
1;2622011;20
35;6751047;30
20;6009256;68
34;6745690;15
36;6761652;45
36;6761652;7
2;3459074;67
48;6833022;15
56;6888435;12
19;5998313;23
20;6009256;52
57;6905510;68
9;4847126;57
52;6855569;14
9;4847126;61
53;6858270;55
9;4847126;63
10;4852497;22
23;6131932;31
17;5981213;66
1;2622011;41
29;6153276;50
20;6009256;75
57;6905510;43
50;6852438;70
11;4856270;22
8;4844828;28
17;5981213;22
52;6855569;48
25;6140134;45
57;6905510;68
31;6720620;65
8;4844828;64
58;6948542;20
4;4312014;39
9;4847126;52
17;5981213;69
20;6009256;44
32;6723965;51
50;6852438;5
31;6720620;28
12;4928737;15
7;4837464;27
48;6833022;28
13;4949063;6
38;6765381;44
24;6139832;10
7;4837464;42
45;6824136;66
51;6853401;33
51;6853401;9
9;4847126;15
43;6798702;45
25;6140134;30
10;4852497;7
4;4312014;50
29;6153276;60
42;6780733;69
38;6765381;57
56;6888435;68
